{
  "train_runtime": 292.3426,
  "train_samples_per_second": 5.815,
  "train_steps_per_second": 0.185,
  "total_flos": 2.818003963399373e+16,
  "train_loss": 0.5865338643391927,
  "epoch": 1.0,
  "eval_loss": 0.5375511646270752,
  "eval_runtime": 17.3277,
  "eval_samples_per_second": 17.313,
  "eval_steps_per_second": 2.193,
  "train_wall_time_seconds": 292.60534048080444,
  "best_checkpoint": "/home/zeus/DeepReasoning/artifacts/screen_len1024_r8_a16_lr2e5_e1_bs8/checkpoints/checkpoint-50",
  "best_metric": 0.5375511646270752,
  "global_step": 54,
  "max_gpu_memory_allocated_gib": 82.21226978302002
}